ParticipantID,MitreID
9276d1e3-6954-460f-bd75-7f99fa01345c,SD1088
900bd2b1-a14f-4775-8f78-07ba77caf23b,SD1050
db2bffd9-c5b5-4fed-9d55-09a087ce0e6e,SG1072
a1623554-43d6-4038-b28a-bd74a96b9c97,SD1104
9519432e-bf05-4f6c-80d7-f61e930f14ba,SY1005
e8606fff-0ac6-4832-bb79-323b89ebcf2e,SD1121
cc25830a-254a-487f-acec-c0afb3962679,SD1110
7e6a98f1-73c3-4023-9bbd-acf2b70d04b5,SG1004
333a79d3-374a-43e5-8bfe-0f14e65b3db7,SD1082
8c0d11a7-1838-4db4-9319-5d171522655d,SG1055
f5c8d104-4839-4aca-b2f5-8c2fc4b98af9,SD1109
a1395d16-e27d-4ff3-80ba-2bb22049c19d,SD1029
f0bf3cda-f934-459f-a731-dd7eda243ae7,SD1054
2db06051-769a-4daa-8e8e-3d3e6f9c5a17,SD1060
a60ebd9e-fa87-4722-8960-b26290ddae1a,SG1019
e89b1ea7-a2ea-4f2f-ae5a-9a9d29af8639,SG1074
fdbd8c07-720c-4ae5-a3d8-aad56b54688c,SD1131
4b8d9e5c-1e51-4a1d-81c9-b3911f623c08,SG1071
4720363c-e587-4dcf-bc00-1b3bb42e7dc8,SD1016
51adda7d-b627-48e0-98be-72386fc84661,SG1022
71931795-5de7-4863-ae0c-3fb5edb5f9e0,SD1033
e6081755-d7f3-4c26-ab40-0709b8ad41ef,SD1040
7b497dbd-18ec-4d3c-88dd-e9f1d67fb493,SG1032
a9dfbe4d-4076-48c7-a72b-342fe4c12514,SG1014
7b0d87b0-c099-44eb-9815-67d51d73db9a,SD1017
9548d1c4-bd4a-4841-9146-c0678135069d,SD1127
235be35e-4e50-4996-80d7-ce701d2dca4b,SD1005
a2664330-dcfa-4d43-a788-8904343b6a00,SG1068
c7492565-48cd-4b52-af25-3aee61a391ad,SD1105
77dfe9b8-5f40-49a6-ba09-706198bb8a48,SG1012
7145fd25-94b9-49d3-b570-cf77f0221213,SD1062
06b33ec4-706d-462f-a681-05491be38eb3,SG1005
e027002a-cf96-4132-a4ac-2003e945258d,SD1030
300a4242-7c38-4d7a-8911-2914ef452ab3,SD1045
787b23f7-f912-43c4-8caf-7a16c57e0256,SG1037
9b4822a9-8506-4026-8f8f-803410f95a52,SD1036
4e541136-0db1-4749-b4c1-8dc03df3d4a5,SD1012
67d47ef6-5f27-43cd-912a-a40f27a43660,SD1052
e3e5e4aa-5950-4f1f-915c-c67598965b03,SD1001
5375b0e9-db92-4189-801a-1e9dbe1d9f61,SD1044
fcb14a4c-1ffa-4315-872a-a38833459885,SD1015
e05bec91-93e2-4b23-9d4f-ae79dade8451,SG1002
fae38580-1e2d-4491-9de5-7b75703ba4ce,SY1006
d62a5591-4c0c-4c95-9187-faa64b95f9fc,SD1119
16213162-1d73-4155-8103-fa668f1579b6,SD1008
02b7a595-6508-46bd-8239-6deb433d6290,SD1003
fd79ab30-1199-4619-adbd-577d715d86ce,SD1106
0adb7679-9d26-46e7-a134-11da293910f3,SY1004
aef21a29-6b16-4d49-9a07-96c12fcd5698,SG1044
9c4b0b2a-92e1-4aeb-be90-98f65c1d4217,SD1006
69c89ffd-abcc-445b-9168-d2c42ab4e7ee,SG1057
0e615090-ca26-4635-9590-f6e6cde1094f,SD1072
a575b34b-0787-4762-a06a-5604de6d005b,SD1098
d28b2c23-1da4-4b64-be94-df4aa6121559,SD1020
3bdb1a29-023b-4fb5-8f49-6d285446179d,SD1117
efc0dabd-1c17-4a63-89ca-21f65250e43f,SG1008
cdcb783e-c9fd-4eab-9d6c-2a53e4082a1f,SG1053
3cd6a70c-1102-4097-b846-d42e975e901c,SG1040
deb03e25-16f1-403a-8152-891f50b50ae4,SD1092
6ceb4ef3-6578-45cc-bc02-fa97614313e1,SG1010
a4b481fd-66b2-4b01-a3a7-906af1f81663,SD1021
4e471779-ecbc-4b5a-b6b0-fcbfc9479faa,SD1042
4ea2ae1d-8d6b-4c7f-ac60-27fd6e5b67b0,SD1094
0ec84778-1a98-4cd7-aa11-05997ddadd52,SD1002
a0fce948-41d2-4070-bad2-ab8d17bf97d8,SD1128
32de9693-b5b6-4292-addd-2acbce93d8db,SY1001
fb3a4dd7-3cb5-438e-a75d-244d1aec4790,SG1073
c29d3319-8920-46b9-9b3a-11c36630c87d,SD1043
803be457-cee4-4f3f-9540-ff574c57c697,SY1002
b31b6e69-0384-4d5d-8eac-5f512862690b,SG1050
a8800ef0-619c-4a3c-af5b-df1d2a3a6f71,SD1014
c131a94c-b958-454b-bbd0-2f0de3b7ae5a,SG1023
96a272fc-166f-4fe4-8aeb-3874264f3b54,SD1118
7607c6de-7244-4ba1-ab7c-5c4c4d7151ad,SD1009
be2b627b-a267-4bd6-a36b-c9dcc2065f0c,SG1028
967b5d47-3ff4-4364-b2e8-b2243c490d7d,SD1124
8b13d979-315f-4357-8f0e-7c12df0a6ca8,SG1006
19097e81-ae0b-4ef1-b5aa-84350c2feeb9,SD1035
f3a1263e-f498-4942-829a-f40d186caa08,SD1011
0a85fd46-fada-434c-9f7a-08b81f9ed8e7,SD1087
29e729f1-575c-4627-bf5a-e7bc28fdda26,SD1039
a7db3311-aa07-4580-b552-73c18657c803,SG1027
674e9815-7dd1-47f9-9916-c6e53d7e1a36,SD1019
1b1bcdb5-00eb-4a8c-8c05-a70d678ca0f8,SG1064
41f2fcc5-e1a6-42d0-9b51-68682d173e6f,SG1061
f596b3ca-7b25-4632-b986-7b44448d3f2f,SD1004
3a62899e-082a-4638-ab8b-b49f1ce12a20,SG1001
2aae82c5-03f9-42dd-974d-88230a9b75f7,SD1058
8a01ec4c-6222-4efd-9beb-0adb12e00a2b,SD1013
7e883e52-65af-4edb-9d55-a72ba5f03287,SG1069
fabef151-53c8-4a46-9897-0180868a53f5,SD1129
8323bb7d-6b8d-4dea-82d6-08944e6da3a9,SD1101
7c34bf1b-3b8b-45cd-ae97-26f2eafe97dd,SD1076
9f956795-08fb-4518-98c5-481696722acd,SG1058
1586a0ff-0e95-4b1d-a2bd-97863a02811b,SD1111
e5594e40-9999-45b6-ac2f-bbd063395cd0,SD1116
14121de2-f38e-4906-9fbe-b613549623fd,SD1023
a70d820b-e850-44c4-ab12-1b40e0f7ae39,SG1009
02581754-36cd-4b23-85ea-bf995c6dec83,SG1025
f9264a9d-99d8-4937-8bda-eb620c0c1ed7,SD1048
640d48a2-510a-49e6-bb3e-5bbd92222489,SG1046
663de5e8-dfc8-42ad-8410-c196f6345bec,SD1107
5bb7f10e-ea7d-4af3-adae-c0d92e8a700d,SD1032
05dedb61-63bc-44e3-8e28-a5d32d91f7e9,SG1033
c7c4392b-02ee-40f4-a22f-ab2386c6ccf5,SG1011
62e88542-8d2e-4148-bd5f-2a3b47cdac44,SG1043
dcc3e9ff-9c05-4e17-9798-fd5114be77a9,SD1028
218a0ad7-4922-4c84-a41f-1b7abbfb72f7,SG1021
6812b3d0-5a2f-4d11-960a-23fc5c4e8c7b,SD1025
2a8f6d94-88d4-4d72-b304-782563903dca,SD1031
757d34ef-7f1b-41f5-b072-ea4a4f336b80,SD1083
f732e878-e538-49b8-97d3-49ca29e9a3f8,SD1099
2ec7547d-bd0a-4fbf-92a8-3a4e747a53f9,SD1103
e5be76f8-6461-481b-834e-b44f8f880273,SD1071
adc70680-fedc-481e-be34-32c6630ab3cd,SD1130
18159216-429a-4921-ab5f-7e751b5fdaad,SG1041
658adbe4-781c-45f9-92a7-14912fcd0701,SD1089
c9fd26bd-1c5d-4d80-a298-8304267cfb4c,SG1048
75c633d4-6ade-471e-983a-aadc07d9383c,SD1063
85c88df0-b503-4329-a29f-353199f7fe5b,SD1115
e8c7086f-007a-41c5-a7dc-af81612ab14d,SG1039
95f9f3a8-128c-4382-aa4b-6ea319b497ae,SG1034
a255dc52-384b-4d4c-a612-33a02fa6c409,SG1075
d046a3ef-1402-4530-855c-481798c41ccd,SD1086
aa8d1b7a-14c6-4490-a57b-d3893ac28b03,SD1047
425f3be7-a142-4256-af48-25ecedd8c425,SD1097
bdb64352-b982-4aab-8d98-3c56c5a6441f,SD1095
24166136-6ee3-4521-abaf-972fbe83d15d,SG1042
b24987c0-4530-45b4-8dc1-c42c4e0cd7ad,SD1061
0e33f78a-7064-44ff-a8a4-711f99113d39,SG1018
ba240e43-900d-4477-8718-b9487ed24d7d,SG1026
6a0fa84c-b18c-417c-b1f5-6a1a2528f7ee,SG1017
d127b095-98d4-4149-bdfc-c9f9739e6f18,SG1030
4b5a5d57-0ad9-49fc-913f-d9e33b90b159,SD1120
2a3ed8d1-f62c-42b5-8efe-44f6a61cd6b4,SD1077
a81eedd1-fb39-4763-bf76-a0472f78ce9f,SD1074
5072f60b-88da-4fd2-8339-f2c45496ffa4,SG1020
13c66354-c2ce-4471-974d-0fd776a8a1bb,SD1053
23a4808f-4429-41d7-adcf-c96742871613,SD1046
0271c478-a56a-4c09-ab91-9743184dd71b,SD1122
94144e0e-7ea9-4b65-96a4-86e9741d269d,SG1015
3a3fbad0-dca2-4c2b-82fb-0f6574b0bc0c,SD1073
113be918-e2d0-443c-830d-fd0964042b9d,SG1049
49a44e13-111a-4f8d-b4ea-5d3476cb83a3,SG1045
a09f7021-3875-48f3-ab98-b7ae623fb91a,SD1041
14eb688e-385b-4d6c-8cc1-0d51d89f4b2a,SG1047
4ed3225f-868e-43c6-9e57-0329d9ff9e9d,SD1065
e31e0dfd-b00c-43e4-a1ea-f5110bf01c1c,SD1075
7c885f26-7923-41a3-847e-c971eafee8d4,SD1037
cc6aaebf-0430-4bf2-b3b7-f416daf008c7,SG1059
3a442eb1-e680-40ce-afcb-e718c4f1eb09,SD1091
0ebe238f-34a9-47f5-a04b-5b059e45e4a5,SG1029
716e0022-85e1-45f0-853a-ca8f003da51a,SD1080
20aa0d7b-c28d-43f1-a79c-c77a671b9d05,SD1051
1d356286-db62-4eaa-a4ef-3ba004e06843,SG1035
36d8aa27-272b-460f-8f2c-13d22f7150a5,SD1125
8a2a2baf-826f-445d-a7fe-3a9b7f5d2334,SD1100
0b45e9c1-eba5-46d3-b0a4-cdb5aa4dc736,SD1112
885170be-d945-427d-bd3a-b0524ddc3105,SG1067
a2676b6d-a28f-46bf-b3f0-6a2e735ae251,SD1102
16812063-e5df-4657-b86c-5b55a0c9ffe6,SD1108
665117c8-5dde-4655-a286-cd8ef2603d59,SG1054
ab23fe51-7249-4c81-bec3-451b6ab1d140,SG1036
2b0a7c5a-98f9-4512-a297-3ae27e805b71,SD1057
edf9689d-5d97-4fe9-b3e7-64c96d9a169c,SG1060
8f1c82eb-5e71-4187-a0a3-f2b58d8d99bd,SD1064
dafdc3d9-e474-4556-8958-204f68ad5ebc,SD1070
89ff7373-ee85-4764-a4dd-90138af9af85,SD1022
db082772-c8cc-4df4-a647-6a80ee2db9ce,SD1027
11ee71b5-e66b-4da3-8458-fc4db17d875a,SD1010
b318de0d-0b0a-4ba8-a7be-9fcf7b9d8c67,SG1070
df3a6b7a-7e27-4003-beea-2cb5cf08da83,SG1003
c7acafcf-f5dd-411e-b90c-988279852fb8,SY1003
91297102-4775-4ea1-a10d-4530e3c2f0af,SG1076
24e975f6-80e9-4489-afed-d7f93e499aeb,SG1056
f30085f9-fdb0-49fb-b242-2ad8286b242c,SD1081
eb4e1be4-29de-4120-9727-0ce8041da479,SD1123
6f532efb-8e13-46ca-997d-2d934b5e5a37,SD1126
cffbcf00-a329-4d57-a622-6e85ca913704,SG1031
34c508d4-cbc4-46a4-8a71-890fb3d36724,SG1052
43d50656-b760-4700-8ff1-da45f17bba09,SD1114
883aca61-af06-4c14-ba58-8d2e4b75bfda,SD1113
8307ff6e-f582-49b0-81cc-39fe9966d097,SG1013
f2e8ab49-ce1b-45f4-9632-cf596f1196bb,SG1007
0bf54591-e0ac-47ba-9b43-31ff54dfcee8,SD1084
be0e8360-24c6-4d74-ab72-aadf8d8acc82,SD1067
5c7c51c5-8bd6-4997-92c1-ce4c5eda45e6,SD1090
6d10bf7a-a17c-4c87-9251-ae75e8f06f36,SD1078
29d662a9-f454-4261-8d58-f208c07cfd20,SD1026
a0746eca-480e-41ac-bc92-d31568b2bdaf,SD1024
30141090-2743-49fb-94e0-25bfa783bcfd,SD1018
aae509f5-ab41-43a0-85c2-5dfad0ed520a,SD1066
481aca07-ac33-4f38-98b7-3405dc3d60dc,SD1038
5dc874cc-0b53-449b-bfa9-57fb665f388b,SD1093
3cd9d6ee-2d46-46f3-928a-109147d08549,SD1055
edec36ec-64c2-4cf8-af5c-99f4c8972d30,SG1065
f983485d-f954-4693-9c2c-981710c06dd0,SG1024
6fb467a6-a780-4753-9fda-269594a5b928,SG1038
a7633bbc-3145-4bba-b86b-cef5e4ae3273,SD1079
aea11c01-40d9-479e-aa27-0b8bf464de52,SG1062
687c2d53-012d-4082-a5f0-edade97481a5,SD1096
997c6352-6724-4985-b48c-9c3f08437964,SD1059
8c09fe40-2c9e-49a1-afc9-a37138658d3b,SD1085
7bb5eee8-70d6-4b16-990a-a62cf827170a,SD1049
21e4864a-7534-467b-9b55-2ec244a98037,SG1016
3cc3da4a-9b07-4215-ad8c-7ef222571856,SD1034
c35d219d-59d9-4197-b981-ea0aa6506e79,SD1056
f610ffea-f6cb-4182-bbe7-19ff8fbe66ee,SD1068
ca202c8f-5071-4358-8851-3c580ec157b1,SG1063
dc65ee54-ad64-4cce-8d0a-878033ff02d7,SD1069
2d05ec74-7279-4b26-b3ec-d3a2e414ba43,SG1051
132c620a-fa7c-4f95-8dbf-9edc6f973336,SG1066